abu basheer|abubasheer@gmail.com|10
Mohammad1|mhmdshhadhalshrman951@gmail.com|1010
Mohammad Al-shorman00|mhmdshhadhalsccchrman95@gmail.com|cc
Mho10rman|an95@gmail.com|Mohammad Al-shorman
cf111|mhmdshhadhalshrman95@gmail.com|2222
Mohammad Al-shorman|mhmdshhadhalshrman95@gmail.com|mhmdshhadhalshrman95@gmail.com
Mohammad10|mh@gmail.com|cc
Mohammad|vamyxazzzic@mailinator.com|vamyxalic@mailinator.com
mc7md|915@gmail.com|1010
Mman10|man10@gmail.com|man@gmail.com
Mohammad Al-shorman|mhmdshhadhalshrman95@gmail.com|mhmdshhadhalshrman95@gmail.com
hala1010|hala@gmil.com|hala@gmil.com
Mohammad Al-shorman|mhmdshhadhalshrman95@gmail.com|mhmdshhadhalshrman95@gmail.com
hala|hala@gmil.com|hala@gmil.com
sajdtmryan|sajdtmryan270@gmail.com|sajdtmryan270@gmail.com
amal|amal@gmail.com|amal@gmail.com
Mohammad Al-shorman|mhmdshhadhalshrman95@gmail.com|Mohammad Al-shorman
ayman10|ayman@gmail.com|10
hala hala|a@gmail.com|a@gmail.com
firas10|firas@fcvh.com|Aa123
Mohammad Al-shorman|mhmdshhadhalshrman95@gmail.com|ئئ
Mohaman|mhmdshhad@gmail.com|mhmdshhad@gmail.commhmdshhad@gmail.com
Mohamrman|mhmdshhadhalshrman95@gmail.com|mhmdshhadhalshrman95@gmail.com
Mohashorman|mhhrman95@gmail.com|mhhrman95@gmail.com
Mohammad Al-shorman|mhmdshhadhalshrman95@gmail.com|10
Hala bani hamad|hala1@gmail.com|1234
Mohammad Al-shorman|mhmdshhadhalshrman95@gmail.com|111
Mohammad Al-shorman|mhmdshhadhalshrman95@gmail.com|mhmdshhadhalshrman95@gmail.com
sajdtmryan270@gmail.com|sajdtmryan270@gmail.com|sajdtmryan270@gmail.com
Mohammad|m5@gmail.com|m5@gmail.com
